id;first_name;last_name;gender;created_at;updated_at
07354809-4fe9-454e-8a51-e2bf01c13e47;Person Name 1;Person Last Name 1;MALE;2017-02-03T11:35:30;2020-02-03T11:35:30
4308661f-1a51-4b25-8ac2-abbd21ac2487;Person Name 2;Person Last Name 2;FEMALE;2017-08-03T11:35:30;2020-02-10T11:35:59
2c79abee-759b-460b-b831-abc69aca874f;Person Name 3;Person Last Name 3;FEMALE;2018-02-03T11:40:30;2020-02-03T11:35:30
0b9ad8e3-c0b5-4da6-80b4-c3770acbd5dd;Person Name 4;Person Last Name 4;MALE;2016-02-03T11:35:30;2019-11-03T11:35:30
1c0ffae9-2a93-4fb2-97a0-d941709c126b;Person Name 5;Person Last Name 5;MALE;2020-02-03T11:35:30;2020-02-03T11:35:30
e67e1a0f-6587-4b00-b4e7-e6e04c3f7d8b;Person Name 6;Person Last Name 6;FEMALE;2020-02-03T11:35:30;2020-02-03T11:35:30
9cb72b84-305d-41f0-a164-c504321f6d34;Person Name 7;Person Last Name 7;MALE;2020-02-03T11:35:30;2020-02-03T11:35:30
ad777c48-c12f-4204-8ce3-4e7209d02aac;Person Name 8;Person Last Name 8;FEMALE;2019-06-03T11:35:30;2020-02-03T11:35:30
726be5fc-870c-45e8-a627-1d05067ca237;Person Name 9;Person Last Name 9;FEMALE;2019-02-03T11:35:30;2020-02-03T11:35:30
040a914f-25c2-4929-893e-7e10aa26a3ba;Person Name 10;Person Last Name 10;MALE;2018-02-21T11:35:30;2020-02-03T11:35:30
9bd31372-c609-4f7d-80d3-bb0b9f34fa42;Person Name 11;Person Last Name 11;FEMALE;2020-02-03T11:35:30;2020-02-03T11:35:30
93dbf723-a023-4b89-baf2-f20d63b84489;Person Name 12;Person Last Name 12;MALE;2019-02-03T11:35:30;2020-02-03T11:35:30
024a2dee-42d3-4312-8776-1ae0b9572c03;Person Name 13;Person Last Name 13;FEMALE;2019-02-22T11:35:30;2020-02-03T11:35:30
51a9a70d-5d65-4674-9250-778f61bcb01d;Person Name 14;Person Last Name 14;MALE;2019-02-03T11:35:30;2020-02-03T11:35:30
0a9ba58f-3e6e-460a-8306-df1c67e0a199;Person Name 15;Person Last Name 15;FEMALE;2018-02-03T11:35:30;2020-02-03T11:35:30
f27d8a00-670b-450f-ac54-275e4f846af4;Person Name 16;Person Last Name 16;MALE;2020-10-30T11:35:30;2020-02-03T11:35:30
c1c2c3d2-ffb1-46df-86c9-2ea170883911;Person Name 17;Person Last Name 17;FEMALE;2018-02-15T11:35:30;2020-02-03T11:35:30
42ecf0a9-e360-4336-9034-135c9ef2db7a;Person Name 18;Person Last Name 18;MALE;2020-09-03T11:35:30;2020-02-03T11:35:30
900470d6-3e61-456c-9bd8-81c35e64ec53;Person Name 19;Person Last Name 19;FEMALE;2018-08-10T11:35:30;2020-02-03T11:35:30
40f4a610-8b7a-489c-824d-efa3ec7a8df4;Person Name 20;Person Last Name 20;FEMALE;2019-02-08T11:35:30;2020-02-03T11:35:30
bd7738d4-d4ed-49d6-8bb5-c5d5c945b442;Person Name 21;Person Last Name 21;MALE;2018-07-03T11:35:30;2020-02-03T11:35:30
9275dd3b-a067-4600-971a-2885489afda4;Person Name 22;Person Last Name 22;FEMALE;2019-02-03T11:35:30;2020-02-03T11:35:30
19d18af1-e5c0-4ee6-b27c-60ea2425a910;Person Name 23;Person Last Name 23;MALE;2018-10-03T11:35:30;2020-02-03T11:35:30
08d75e45-5eb0-40b8-8de5-d4e44a8a68e3;Person Name 24;Person Last Name 24;FEMALE;2020-02-15T11:35:30;2020-02-03T11:35:30
25909ce8-87ce-49bf-bae2-a78d0ac18e6c;Person Name 25;Person Last Name 25;MALE;2018-11-03T11:35:30;2020-02-03T11:35:30
67559a29-80ad-4033-aafe-69d8d7cecf65;Person Name 26;Person Last Name 26;FEMALE;2019-12-14T11:35:30;2020-02-03T11:35:30
8ca55ed4-52e2-443f-bf8c-9e67dc0ecbac;Person Name 27;Person Last Name 27;MALE;2019-02-19T11:35:30;2020-02-03T11:35:30
2896f5b0-c9ff-48cd-9c2b-c264bf1a8e99;Person Name 28;Person Last Name 28;FEMALE;2018-02-20T11:35:30;2020-02-03T11:35:30